{"iteration": 19, "loss_ce": 4.981967449188232, "loss_ce_0": 5.568894386291504, "loss_ce_1": 4.91491961479187, "loss_ce_2": 4.842840194702148, "loss_ce_3": 4.819524765014648, "loss_ce_4": 4.95629620552063, "loss_ce_5": 5.010624647140503, "loss_ce_6": 4.986072778701782, "loss_ce_7": 4.848491668701172, "loss_ce_8": 4.863037586212158, "loss_dice": 4.730653524398804, "loss_dice_0": 4.466704368591309, "loss_dice_1": 4.498010158538818, "loss_dice_2": 4.550031423568726, "loss_dice_3": 4.564097881317139, "loss_dice_4": 4.641960620880127, "loss_dice_5": 4.685690641403198, "loss_dice_6": 4.70487642288208, "loss_dice_7": 4.732470750808716, "loss_dice_8": 4.7278993129730225, "loss_grounding": 3.9007986783981323, "loss_grounding_0": 3.8997042179107666, "loss_grounding_1": 3.899471402168274, "loss_grounding_2": 3.8998405933380127, "loss_grounding_3": 3.90144145488739, "loss_grounding_4": 3.899325728416443, "loss_grounding_5": 3.8984580039978027, "loss_grounding_6": 3.9014586210250854, "loss_grounding_7": 3.8994981050491333, "loss_grounding_8": 3.9011727571487427, "loss_kd": 1.3123544454574585, "loss_kd_0": 1.4904308319091797, "loss_kd_1": 1.2498412132263184, "loss_kd_2": 1.2002790570259094, "loss_kd_3": 1.1941720843315125, "loss_kd_4": 1.1571981310844421, "loss_kd_5": 1.1824807524681091, "loss_kd_6": 1.1438665390014648, "loss_kd_7": 1.1700878739356995, "loss_kd_8": 1.323523998260498, "loss_mask": 1.4089136719703674, "loss_mask_0": 1.1143934726715088, "loss_mask_1": 1.0865968465805054, "loss_mask_2": 1.1022449135780334, "loss_mask_3": 1.1825422048568726, "loss_mask_4": 1.2933977842330933, "loss_mask_5": 1.3568156361579895, "loss_mask_6": 1.4225645661354065, "loss_mask_7": 1.4312050938606262, "loss_mask_8": 1.4273599982261658, "lr": 0.00015, "total_loss": 159.4113559126854}
{"iteration": 39, "loss_ce": 4.762864828109741, "loss_ce_0": 4.715716361999512, "loss_ce_1": 4.590392827987671, "loss_ce_2": 4.593226909637451, "loss_ce_3": 4.558223485946655, "loss_ce_4": 4.535041809082031, "loss_ce_5": 4.538503170013428, "loss_ce_6": 4.717539548873901, "loss_ce_7": 4.7565577030181885, "loss_ce_8": 4.786282062530518, "loss_dice": 4.647639274597168, "loss_dice_0": 4.211063385009766, "loss_dice_1": 4.119828701019287, "loss_dice_2": 4.179977655410767, "loss_dice_3": 4.229910850524902, "loss_dice_4": 4.261248588562012, "loss_dice_5": 4.296768665313721, "loss_dice_6": 4.467803955078125, "loss_dice_7": 4.56817626953125, "loss_dice_8": 4.642656326293945, "loss_grounding": 3.911333918571472, "loss_grounding_0": 3.8957449197769165, "loss_grounding_1": 3.91408908367157, "loss_grounding_2": 3.914221405982971, "loss_grounding_3": 3.9185537099838257, "loss_grounding_4": 3.9081997871398926, "loss_grounding_5": 3.912409543991089, "loss_grounding_6": 3.919363856315613, "loss_grounding_7": 3.91379976272583, "loss_grounding_8": 3.9076147079467773, "loss_kd": 0.6238605678081512, "loss_kd_0": 1.3750715851783752, "loss_kd_1": 0.8152200281620026, "loss_kd_2": 0.6996330916881561, "loss_kd_3": 0.6888374388217926, "loss_kd_4": 0.6270467936992645, "loss_kd_5": 0.5724185705184937, "loss_kd_6": 0.4980452358722687, "loss_kd_7": 0.4946085959672928, "loss_kd_8": 0.6286515593528748, "loss_mask": 1.1563032865524292, "loss_mask_0": 1.0833110213279724, "loss_mask_1": 1.0614349246025085, "loss_mask_2": 1.0637864470481873, "loss_mask_3": 1.0588160753250122, "loss_mask_4": 1.017951488494873, "loss_mask_5": 1.0447645783424377, "loss_mask_6": 1.0441859364509583, "loss_mask_7": 1.0716608762741089, "loss_mask_8": 1.1227833032608032, "lr": 0.00015, "total_loss": 147.3227145820856}
